<?xml version="1.0" encoding="UTF-8"?>
<!DOCTYPE fontscolors PUBLIC "-//NetBeans//DTD Editor Fonts and Colors settings 1.2//EN" "https://netbeans.apache.org/dtds/EditorFontsColors-1_2.dtd">
<fontscolors>
    <fontcolor bgColor="ff364135" foreColor="cyan" name="mark-occurrences"/>
    <fontcolor foreColor="white" name="identifier"/>
    <fontcolor default="field" foreColor="green" name="markup-attribute"/>
    <fontcolor default="identifier" foreColor="green" name="method"/>
    <fontcolor foreColor="yellow" name="string"/>
    <fontcolor default="keyword" foreColor="green" name="markup-element"/>
    <fontcolor default="string" foreColor="green" name="markup-attribute-value"/>
    <fontcolor default="default" foreColor="orange" name="entity-reference"/>
    <fontcolor foreColor="white" name="separator"/>
    <fontcolor foreColor="red" name="operator"/>
    <fontcolor foreColor="magenta" name="number"/>
    <fontcolor bgColor="ff2b2b2b" foreColor="white" name="default"/>
    <fontcolor default="identifier" foreColor="cyan" name="field"/>
    <fontcolor foreColor="yellow" name="char"/>
    <fontcolor name="warning" waveUnderlined="yellow"/>
    <fontcolor foreColor="red" name="keyword"/>
    <fontcolor name="whitespace"/>
</fontscolors>
