<?xml version="1.0" encoding="UTF-8"?>
<!DOCTYPE fontscolors PUBLIC "-//NetBeans//DTD Editor Fonts and Colors settings 1.2//EN" "https://netbeans.apache.org/dtds/EditorFontsColors-1_2.dtd">
<fontscolors>
    <fontcolor default="identifier" name="mod-package-declaration"/>
    <fontcolor default="char" name="constant.character"/>
    <fontcolor default="identifier" name="constant.other"/>
    <fontcolor name="markup.underline" underline="black"/>
    <fontcolor default="identifier" name="mod-struct-declaration"/>
    <fontcolor default="parameter" name="mod-parameter"/>
    <fontcolor default="method" name="mod-function-declaration"/>
    <fontcolor default="identifier" name="mod-package"/>
    <fontcolor default="method" name="mod-function"/>
    <fontcolor default="identifier" name="mod-typeParameter"/>
    <fontcolor default="identifier" name="markup.heading">
        <font style="bold"/>
    </fontcolor>
    <fontcolor default="keyword" name="keyword"/>
    <fontcolor default="method" name="entity.name.function">
        <font style="bold"/>
    </fontcolor>
    <fontcolor default="keyword" name="support.constant"/>
    <fontcolor default="field" name="mod-field"/>
    <fontcolor default="field" name="mod-enumMember-declaration"/>
    <fontcolor default="method" name="mod-method"/>
    <fontcolor default="identifier" name="mod-namespace-declaration"/>
    <fontcolor default="parameter" name="mod-parameter-declaration"/>
    <fontcolor name="mod-static">
        <font style="italic"/>
    </fontcolor>
    <fontcolor default="identifier" name="mod-struct"/>
    <fontcolor default="identifier" name="mod-class-declaration"/>
    <fontcolor default="error" name="invalid"/>
    <fontcolor default="mod-function" name="mod-macro-declaration"/>
    <fontcolor default="identifier" name="mod-typeAlias-declaration"/>
    <fontcolor default="identifier" name="markup.italic">
        <font style="italic"/>
    </fontcolor>
    <fontcolor default="field" name="mod-field-declaration"/>
    <fontcolor default="operator" name="keyword.operator"/>
    <fontcolor default="string" name="string"/>
    <fontcolor default="identifier" name="mod-class"/>
    <fontcolor default="keyword" name="storage"/>
    <fontcolor default="method" name="mod-method-declaration"/>
    <fontcolor default="keyword" name="constant.language"/>
    <fontcolor default="identifier" name="markup.bold">
        <font style="bold"/>
    </fontcolor>
    <fontcolor name="mod-deprecated" strikeThrough="black"/>
    <fontcolor default="keyword" name="mod-keyword-declaration"/>
    <fontcolor default="char" name="constant.character.escape">
        <font style="bold"/>
    </fontcolor>
    <fontcolor default="identifier" name="mod-namespace"/>
    <fontcolor default="keyword" name="mod-keyword"/>
    <fontcolor default="number" name="constant.numeric"/>
    <fontcolor default="identifier" name="mod-typeParameter-declaration"/>
    <fontcolor default="mod-function" name="mod-macro"/>
    <fontcolor default="identifier" name="mod-enum"/>
    <fontcolor default="identifier" name="mod-variable"/>
    <fontcolor default="identifier" name="mod-typeAlias"/>
    <fontcolor default="keyword" name="variable.language"/>
    <fontcolor default="identifier" name="mod-enum-declaration"/>
    <fontcolor default="field" name="mod-enumMember"/>
    <fontcolor default="identifier" name="mod-variable-declaration"/>
    <fontcolor default="comment" name="comment"/>
    <fontcolor default="method" name="support.function"/>
</fontscolors>
