<?xml version="1.0" encoding="UTF-8"?>
<library xmlns="http://www.netbeans.org/ns/library-declaration/3" version="3.0">
    <name>EclipseLink-GlassFish-v6</name>
    <type>j2se</type>
    <description>EclipseLink jars that are bundled with the most recently registered Payara installation</description>
    <display-name>EclipseLink from Payara 6</display-name>
    <volume>
        <type>classpath</type>
        <resource>jar:file:/Users/estebannajera/payara6/glassfish/modules/org.eclipse.persistence.asm.jar!/</resource>
        <resource>jar:file:/Users/estebannajera/payara6/glassfish/modules/org.eclipse.persistence.jpa.jpql.jar!/</resource>
        <resource>jar:file:/Users/estebannajera/payara6/glassfish/modules/org.eclipse.persistence.core.jar!/</resource>
        <resource>jar:file:/Users/estebannajera/payara6/glassfish/modules/org.eclipse.persistence.jpa.jar!/</resource>
        <resource>jar:file:/Users/estebannajera/payara6/glassfish/modules/org.eclipse.persistence.jpa.modelgen.processor.jar!/</resource>
        <resource>jar:file:/Users/estebannajera/payara6/glassfish/modules/org.eclipse.persistence.oracle.jar!/</resource>
        <resource>jar:file:/Users/estebannajera/payara6/glassfish/modules/org.eclipse.persistence.dbws.jar!/</resource>
        <resource>jar:file:/Users/estebannajera/payara6/glassfish/modules/org.eclipse.persistence.moxy.jar!/</resource>
    </volume>
    <volume>
        <type>src</type>
    </volume>
    <volume>
        <type>javadoc</type>
        <resource>jar:file:/Applications/NetBeans/Apache%20NetBeans%2016.app/Contents/Resources/NetBeans/netbeans/enterprise/docs/javaee-doc-api.jar!/</resource>
    </volume>
    <volume>
        <type>maven-pom</type>
    </volume>
    <properties/>
</library>
