<?xml version="1.0" encoding="UTF-8"?>
<library xmlns="http://www.netbeans.org/ns/library-declaration/3" version="3.0">
    <name>javafx</name>
    <type>j2se</type>
    <display-name>javafx</display-name>
    <volume>
        <type>classpath</type>
        <resource>file:/Users/estebannajera/Downloads/javafx-sdk-20.0.1/</resource>
    </volume>
    <volume>
        <type>src</type>
    </volume>
    <volume>
        <type>javadoc</type>
    </volume>
    <volume>
        <type>maven-pom</type>
    </volume>
    <properties/>
</library>
