<?xml version="1.0" encoding="UTF-8"?>
<library xmlns="http://www.netbeans.org/ns/library-declaration/3" version="3.0">
    <name>Java-EE-Payara-v6</name>
    <type>j2se</type>
    <description>Java EE jars that are bundled with the most recently registered Payara installation</description>
    <display-name>Java EE from Payara 6</display-name>
    <volume>
        <type>classpath</type>
        <resource>jar:file:/Users/estebannajera/payara6/glassfish/modules/microprofile-jwt-auth-api.jar!/</resource>
        <resource>jar:file:/Users/estebannajera/payara6/glassfish/modules/microprofile-health-api.jar!/</resource>
        <resource>jar:file:/Users/estebannajera/payara6/glassfish/modules/microprofile-fault-tolerance-api.jar!/</resource>
        <resource>jar:file:/Users/estebannajera/payara6/glassfish/modules/microprofile-config-api.jar!/</resource>
        <resource>jar:file:/Users/estebannajera/payara6/glassfish/modules/microprofile-metrics-api.jar!/</resource>
        <resource>jar:file:/Users/estebannajera/payara6/glassfish/modules/microprofile-openapi-api.jar!/</resource>
        <resource>jar:file:/Users/estebannajera/payara6/glassfish/modules/microprofile-rest-client-api.jar!/</resource>
        <resource>jar:file:/Users/estebannajera/payara6/glassfish/modules/microprofile-opentracing-api.jar!/</resource>
        <resource>jar:file:/Users/estebannajera/payara6/glassfish/modules/jersey-bean-validation.jar!/</resource>
        <resource>jar:file:/Users/estebannajera/payara6/glassfish/modules/jersey-common.jar!/</resource>
        <resource>jar:file:/Users/estebannajera/payara6/glassfish/modules/jersey-gf-ejb.jar!/</resource>
        <resource>jar:file:/Users/estebannajera/payara6/glassfish/modules/jersey-mvc-connector.jar!/</resource>
        <resource>jar:file:/Users/estebannajera/payara6/glassfish/modules/jersey-media-multipart.jar!/</resource>
        <resource>jar:file:/Users/estebannajera/payara6/glassfish/modules/jersey-client.jar!/</resource>
        <resource>jar:file:/Users/estebannajera/payara6/glassfish/modules/jersey-entity-filtering.jar!/</resource>
        <resource>jar:file:/Users/estebannajera/payara6/glassfish/modules/jersey-hk2.jar!/</resource>
        <resource>jar:file:/Users/estebannajera/payara6/glassfish/modules/jersey-mp-rest-client.jar!/</resource>
        <resource>jar:file:/Users/estebannajera/payara6/glassfish/modules/jersey-media-sse.jar!/</resource>
        <resource>jar:file:/Users/estebannajera/payara6/glassfish/modules/jersey-media-json-binding.jar!/</resource>
        <resource>jar:file:/Users/estebannajera/payara6/glassfish/modules/jackson-databind.jar!/</resource>
        <resource>jar:file:/Users/estebannajera/payara6/glassfish/modules/jersey-container-grizzly2-http.jar!/</resource>
        <resource>jar:file:/Users/estebannajera/payara6/glassfish/modules/jersey-container-servlet.jar!/</resource>
        <resource>jar:file:/Users/estebannajera/payara6/glassfish/modules/jersey-media-jaxb.jar!/</resource>
        <resource>jar:file:/Users/estebannajera/payara6/glassfish/modules/jersey-cdi1x-transaction.jar!/</resource>
        <resource>jar:file:/Users/estebannajera/payara6/glassfish/modules/jersey-mvc-jsp.jar!/</resource>
        <resource>jar:file:/Users/estebannajera/payara6/glassfish/modules/jackson-module-jakarta-xmlbind-annotations.jar!/</resource>
        <resource>jar:file:/Users/estebannajera/payara6/glassfish/modules/jackson-dataformat-xml.jar!/</resource>
        <resource>jar:file:/Users/estebannajera/payara6/glassfish/modules/jackson-annotations.jar!/</resource>
        <resource>jar:file:/Users/estebannajera/payara6/glassfish/modules/jersey-proxy-client.jar!/</resource>
        <resource>jar:file:/Users/estebannajera/payara6/glassfish/modules/jersey-media-moxy.jar!/</resource>
        <resource>jar:file:/Users/estebannajera/payara6/glassfish/modules/jersey-media-json-processing.jar!/</resource>
        <resource>jar:file:/Users/estebannajera/payara6/glassfish/modules/jersey-container-servlet-core.jar!/</resource>
        <resource>jar:file:/Users/estebannajera/payara6/glassfish/modules/jersey-cdi1x.jar!/</resource>
        <resource>jar:file:/Users/estebannajera/payara6/glassfish/modules/jersey-media-json-jackson.jar!/</resource>
        <resource>jar:file:/Users/estebannajera/payara6/glassfish/modules/jersey-cdi1x-servlet.jar!/</resource>
        <resource>jar:file:/Users/estebannajera/payara6/glassfish/modules/jersey-server.jar!/</resource>
        <resource>jar:file:/Users/estebannajera/payara6/glassfish/modules/jackson-dataformat-yaml.jar!/</resource>
        <resource>jar:file:/Users/estebannajera/payara6/glassfish/modules/jersey-mvc.jar!/</resource>
        <resource>jar:file:/Users/estebannajera/payara6/glassfish/modules/jackson-core.jar!/</resource>
        <resource>jar:file:/Users/estebannajera/payara6/glassfish/modules/web-core.jar!/</resource>
        <resource>jar:file:/Users/estebannajera/payara6/glassfish/modules/payara-api.jar!/</resource>
    </volume>
    <volume>
        <type>src</type>
    </volume>
    <volume>
        <type>javadoc</type>
        <resource>jar:file:/Applications/NetBeans/Apache%20NetBeans%2016.app/Contents/Resources/NetBeans/netbeans/enterprise/docs/javaee-doc-api.jar!/</resource>
    </volume>
    <volume>
        <type>maven-pom</type>
    </volume>
    <properties/>
</library>
